id,forecast
s1h1,343750.1123521682
s1h2,343750.1123521682
s1h3,343750.1123521682
s1h4,343750.1123521682
s1h5,343750.1123521682
s1h6,343750.1123521682
s1h7,343750.1123521682
s1h8,343750.1123521682
s1h9,343750.1123521682
s1h10,343750.1123521682
s1h11,343750.1123521682
s1h12,343750.1123521682
s1h13,343750.1123521682
s1h14,343750.1123521682
s1h15,343750.1123521682
s1h16,343750.1123521682
s1h17,343750.1123521682
s1h18,343750.1123521682
s1h19,343750.1123521682
s1h20,343750.1123521682
s1h21,343750.1123521682
s2h1,428013.93692509853
s2h2,428013.93692509853
s2h3,428013.93692509853
s2h4,428013.93692509853
s2h5,428013.93692509853
s2h6,428013.93692509853
s2h7,428013.93692509853
s2h8,428013.93692509853
s2h9,428013.93692509853
s2h10,428013.93692509853
s2h11,428013.93692509853
s2h12,428013.93692509853
s2h13,428013.93692509853
s2h14,428013.93692509853
s2h15,428013.93692509853
s2h16,428013.93692509853
s2h17,428013.93692509853
s2h18,428013.93692509853
s2h19,428013.93692509853
s2h20,428013.93692509853
s2h21,428013.93692509853
s3h1,4042.9947437582127
s3h2,4042.9947437582127
s3h3,4042.9947437582127
s3h4,4042.9947437582127
s3h5,4042.9947437582127
s3h6,4042.9947437582127
s3h7,4042.9947437582127
s3h8,4042.9947437582127
s3h9,4042.9947437582127
s3h10,4042.9947437582127
s3h11,4042.9947437582127
s3h12,4042.9947437582127
s3h13,4042.9947437582127
s3h14,4042.9947437582127
s3h15,4042.9947437582127
s3h16,4042.9947437582127
s3h17,4042.9947437582127
s3h18,4042.9947437582127
s3h19,4042.9947437582127
s3h20,4042.9947437582127
s3h21,4042.9947437582127
s4h1,4771.886333771354
s4h2,4771.886333771354
s4h3,4771.886333771354
s4h4,4771.886333771354
s4h5,4771.886333771354
s4h6,4771.886333771354
s4h7,4771.886333771354
s4h8,4771.886333771354
s4h9,4771.886333771354
s4h10,4771.886333771354
s4h11,4771.886333771354
s4h12,4771.886333771354
s4h13,4771.886333771354
s4h14,4771.886333771354
s4h15,4771.886333771354
s4h16,4771.886333771354
s4h17,4771.886333771354
s4h18,4771.886333771354
s4h19,4771.886333771354
s4h20,4771.886333771354
s4h21,4771.886333771354
s5h1,138459.123521682
s5h2,138459.123521682
s5h3,138459.123521682
s5h4,138459.123521682
s5h5,138459.123521682
s5h6,138459.123521682
s5h7,138459.123521682
s5h8,138459.123521682
s5h9,138459.123521682
s5h10,138459.123521682
s5h11,138459.123521682
s5h12,138459.123521682
s5h13,138459.123521682
s5h14,138459.123521682
s5h15,138459.123521682
s5h16,138459.123521682
s5h17,138459.123521682
s5h18,138459.123521682
s5h19,138459.123521682
s5h20,138459.123521682
s5h21,138459.123521682
s6h1,182199.9829172142
s6h2,182199.9829172142
s6h3,182199.9829172142
s6h4,182199.9829172142
s6h5,182199.9829172142
s6h6,182199.9829172142
s6h7,182199.9829172142
s6h8,182199.9829172142
s6h9,182199.9829172142
s6h10,182199.9829172142
s6h11,182199.9829172142
s6h12,182199.9829172142
s6h13,182199.9829172142
s6h14,182199.9829172142
s6h15,182199.9829172142
s6h16,182199.9829172142
s6h17,182199.9829172142
s6h18,182199.9829172142
s6h19,182199.9829172142
s6h20,182199.9829172142
s6h21,182199.9829172142
s7h1,175650.7135348226
s7h2,175650.7135348226
s7h3,175650.7135348226
s7h4,175650.7135348226
s7h5,175650.7135348226
s7h6,175650.7135348226
s7h7,175650.7135348226
s7h8,175650.7135348226
s7h9,175650.7135348226
s7h10,175650.7135348226
s7h11,175650.7135348226
s7h12,175650.7135348226
s7h13,175650.7135348226
s7h14,175650.7135348226
s7h15,175650.7135348226
s7h16,175650.7135348226
s7h17,175650.7135348226
s7h18,175650.7135348226
s7h19,175650.7135348226
s7h20,175650.7135348226
s7h21,175650.7135348226
s8h1,209358.88169430554
s8h2,209358.88169430554
s8h3,209358.88169430554
s8h4,209358.88169430554
s8h5,209358.88169430554
s8h6,209358.88169430554
s8h7,209358.88169430554
s8h8,209358.88169430554
s8h9,209358.88169430554
s8h10,209358.88169430554
s8h11,209358.88169430554
s8h12,209358.88169430554
s8h13,209358.88169430554
s8h14,209358.88169430554
s8h15,209358.88169430554
s8h16,209358.88169430554
s8h17,209358.88169430554
s8h18,209358.88169430554
s8h19,209358.88169430554
s8h20,209358.88169430554
s8h21,209358.88169430554
s9h1,386344.73540160974
s9h2,386344.73540160974
s9h3,386344.73540160974
s9h4,386344.73540160974
s9h5,386344.73540160974
s9h6,386344.73540160974
s9h7,386344.73540160974
s9h8,386344.73540160974
s9h9,386344.73540160974
s9h10,386344.73540160974
s9h11,386344.73540160974
s9h12,386344.73540160974
s9h13,386344.73540160974
s9h14,386344.73540160974
s9h15,386344.73540160974
s9h16,386344.73540160974
s9h17,386344.73540160974
s9h18,386344.73540160974
s9h19,386344.73540160974
s9h20,386344.73540160974
s9h21,386344.73540160974
s10h1,77987.72043363994
s10h2,77987.72043363994
s10h3,77987.72043363994
s10h4,77987.72043363994
s10h5,77987.72043363994
s10h6,77987.72043363994
s10h7,77987.72043363994
s10h8,77987.72043363994
s10h9,77987.72043363994
s10h10,77987.72043363994
s10h11,77987.72043363994
s10h12,77987.72043363994
s10h13,77987.72043363994
s10h14,77987.72043363994
s10h15,77987.72043363994
s10h16,77987.72043363994
s10h17,77987.72043363994
s10h18,77987.72043363994
s10h19,77987.72043363994
s10h20,77987.72043363994
s10h21,77987.72043363994
s11h1,24185.869333114322
s11h2,24185.869333114322
s11h3,24185.869333114322
s11h4,24185.869333114322
s11h5,24185.869333114322
s11h6,24185.869333114322
s11h7,24185.869333114322
s11h8,24185.869333114322
s11h9,24185.869333114322
s11h10,24185.869333114322
s11h11,24185.869333114322
s11h12,24185.869333114322
s11h13,24185.869333114322
s11h14,24185.869333114322
s11h15,24185.869333114322
s11h16,24185.869333114322
s11h17,24185.869333114322
s11h18,24185.869333114322
s11h19,24185.869333114322
s11h20,24185.869333114322
s11h21,24185.869333114322
s12h1,28932.82909001314
s12h2,28932.82909001314
s12h3,28932.82909001314
s12h4,28932.82909001314
s12h5,28932.82909001314
s12h6,28932.82909001314
s12h7,28932.82909001314
s12h8,28932.82909001314
s12h9,28932.82909001314
s12h10,28932.82909001314
s12h11,28932.82909001314
s12h12,28932.82909001314
s12h13,28932.82909001314
s12h14,28932.82909001314
s12h15,28932.82909001314
s12h16,28932.82909001314
s12h17,28932.82909001314
s12h18,28932.82909001314
s12h19,28932.82909001314
s12h20,28932.82909001314
s12h21,28932.82909001314
s13h1,822655.6458607096
s13h2,822655.6458607096
s13h3,822655.6458607096
s13h4,822655.6458607096
s13h5,822655.6458607096
s13h6,822655.6458607096
s13h7,822655.6458607096
s13h8,822655.6458607096
s13h9,822655.6458607096
s13h10,822655.6458607096
s13h11,822655.6458607096
s13h12,822655.6458607096
s13h13,822655.6458607096
s13h14,822655.6458607096
s13h15,822655.6458607096
s13h16,822655.6458607096
s13h17,822655.6458607096
s13h18,822655.6458607096
s13h19,822655.6458607096
s13h20,822655.6458607096
s13h21,822655.6458607096
s14h1,1003723.3166885676
s14h2,1003723.3166885676
s14h3,1003723.3166885676
s14h4,1003723.3166885676
s14h5,1003723.3166885676
s14h6,1003723.3166885676
s14h7,1003723.3166885676
s14h8,1003723.3166885676
s14h9,1003723.3166885676
s14h10,1003723.3166885676
s14h11,1003723.3166885676
s14h12,1003723.3166885676
s14h13,1003723.3166885676
s14h14,1003723.3166885676
s14h15,1003723.3166885676
s14h16,1003723.3166885676
s14h17,1003723.3166885676
s14h18,1003723.3166885676
s14h19,1003723.3166885676
s14h20,1003723.3166885676
s14h21,1003723.3166885676
s15h1,1164588.7332457292
s15h2,1164588.7332457292
s15h3,1164588.7332457292
s15h4,1164588.7332457292
s15h5,1164588.7332457292
s15h6,1164588.7332457292
s15h7,1164588.7332457292
s15h8,1164588.7332457292
s15h9,1164588.7332457292
s15h10,1164588.7332457292
s15h11,1164588.7332457292
s15h12,1164588.7332457292
s15h13,1164588.7332457292
s15h14,1164588.7332457292
s15h15,1164588.7332457292
s15h16,1164588.7332457292
s15h17,1164588.7332457292
s15h18,1164588.7332457292
s15h19,1164588.7332457292
s15h20,1164588.7332457292
s15h21,1164588.7332457292
s16h1,1476937.0065703022
s16h2,1476937.0065703022
s16h3,1476937.0065703022
s16h4,1476937.0065703022
s16h5,1476937.0065703022
s16h6,1476937.0065703022
s16h7,1476937.0065703022
s16h8,1476937.0065703022
s16h9,1476937.0065703022
s16h10,1476937.0065703022
s16h11,1476937.0065703022
s16h12,1476937.0065703022
s16h13,1476937.0065703022
s16h14,1476937.0065703022
s16h15,1476937.0065703022
s16h16,1476937.0065703022
s16h17,1476937.0065703022
s16h18,1476937.0065703022
s16h19,1476937.0065703022
s16h20,1476937.0065703022
s16h21,1476937.0065703022
s17h1,789444.7378449409
s17h2,789444.7378449409
s17h3,789444.7378449409
s17h4,789444.7378449409
s17h5,789444.7378449409
s17h6,789444.7378449409
s17h7,789444.7378449409
s17h8,789444.7378449409
s17h9,789444.7378449409
s17h10,789444.7378449409
s17h11,789444.7378449409
s17h12,789444.7378449409
s17h13,789444.7378449409
s17h14,789444.7378449409
s17h15,789444.7378449409
s17h16,789444.7378449409
s17h17,789444.7378449409
s17h18,789444.7378449409
s17h19,789444.7378449409
s17h20,789444.7378449409
s17h21,789444.7378449409
s18h1,558268.2956636006
s18h2,558268.2956636006
s18h3,558268.2956636006
s18h4,558268.2956636006
s18h5,558268.2956636006
s18h6,558268.2956636006
s18h7,558268.2956636006
s18h8,558268.2956636006
s18h9,558268.2956636006
s18h10,558268.2956636006
s18h11,558268.2956636006
s18h12,558268.2956636006
s18h13,558268.2956636006
s18h14,558268.2956636006
s18h15,558268.2956636006
s18h16,558268.2956636006
s18h17,558268.2956636006
s18h18,558268.2956636006
s18h19,558268.2956636006
s18h20,558268.2956636006
s18h21,558268.2956636006
s19h1,7172.608409986859
s19h2,7172.608409986859
s19h3,7172.608409986859
s19h4,7172.608409986859
s19h5,7172.608409986859
s19h6,7172.608409986859
s19h7,7172.608409986859
s19h8,7172.608409986859
s19h9,7172.608409986859
s19h10,7172.608409986859
s19h11,7172.608409986859
s19h12,7172.608409986859
s19h13,7172.608409986859
s19h14,7172.608409986859
s19h15,7172.608409986859
s19h16,7172.608409986859
s19h17,7172.608409986859
s19h18,7172.608409986859
s19h19,7172.608409986859
s19h20,7172.608409986859
s19h21,7172.608409986859
s20h1,9152.109724047306
s20h2,9152.109724047306
s20h3,9152.109724047306
s20h4,9152.109724047306
s20h5,9152.109724047306
s20h6,9152.109724047306
s20h7,9152.109724047306
s20h8,9152.109724047306
s20h9,9152.109724047306
s20h10,9152.109724047306
s20h11,9152.109724047306
s20h12,9152.109724047306
s20h13,9152.109724047306
s20h14,9152.109724047306
s20h15,9152.109724047306
s20h16,9152.109724047306
s20h17,9152.109724047306
s20h18,9152.109724047306
s20h19,9152.109724047306
s20h20,9152.109724047306
s20h21,9152.109724047306
s21h1,386388.7947847197
s21h2,386388.7947847197
s21h3,386388.7947847197
s21h4,386388.7947847197
s21h5,386388.7947847197
s21h6,386388.7947847197
s21h7,386388.7947847197
s21h8,386388.7947847197
s21h9,386388.7947847197
s21h10,386388.7947847197
s21h11,386388.7947847197
s21h12,386388.7947847197
s21h13,386388.7947847197
s21h14,386388.7947847197
s21h15,386388.7947847197
s21h16,386388.7947847197
s21h17,386388.7947847197
s21h18,386388.7947847197
s21h19,386388.7947847197
s21h20,386388.7947847197
s21h21,386388.7947847197
s22h1,262418.1879106439
s22h2,262418.1879106439
s22h3,262418.1879106439
s22h4,262418.1879106439
s22h5,262418.1879106439
s22h6,262418.1879106439
s22h7,262418.1879106439
s22h8,262418.1879106439
s22h9,262418.1879106439
s22h10,262418.1879106439
s22h11,262418.1879106439
s22h12,262418.1879106439
s22h13,262418.1879106439
s22h14,262418.1879106439
s22h15,262418.1879106439
s22h16,262418.1879106439
s22h17,262418.1879106439
s22h18,262418.1879106439
s22h19,262418.1879106439
s22h20,262418.1879106439
s22h21,262418.1879106439
s23h1,407077.8318002628
s23h2,407077.8318002628
s23h3,407077.8318002628
s23h4,407077.8318002628
s23h5,407077.8318002628
s23h6,407077.8318002628
s23h7,407077.8318002628
s23h8,407077.8318002628
s23h9,407077.8318002628
s23h10,407077.8318002628
s23h11,407077.8318002628
s23h12,407077.8318002628
s23h13,407077.8318002628
s23h14,407077.8318002628
s23h15,407077.8318002628
s23h16,407077.8318002628
s23h17,407077.8318002628
s23h18,407077.8318002628
s23h19,407077.8318002628
s23h20,407077.8318002628
s23h21,407077.8318002628
s24h1,291797.4802890933
s24h2,291797.4802890933
s24h3,291797.4802890933
s24h4,291797.4802890933
s24h5,291797.4802890933
s24h6,291797.4802890933
s24h7,291797.4802890933
s24h8,291797.4802890933
s24h9,291797.4802890933
s24h10,291797.4802890933
s24h11,291797.4802890933
s24h12,291797.4802890933
s24h13,291797.4802890933
s24h14,291797.4802890933
s24h15,291797.4802890933
s24h16,291797.4802890933
s24h17,291797.4802890933
s24h18,291797.4802890933
s24h19,291797.4802890933
s24h20,291797.4802890933
s24h21,291797.4802890933
s25h1,300271.3068331143
s25h2,300271.3068331143
s25h3,300271.3068331143
s25h4,300271.3068331143
s25h5,300271.3068331143
s25h6,300271.3068331143
s25h7,300271.3068331143
s25h8,300271.3068331143
s25h9,300271.3068331143
s25h10,300271.3068331143
s25h11,300271.3068331143
s25h12,300271.3068331143
s25h13,300271.3068331143
s25h14,300271.3068331143
s25h15,300271.3068331143
s25h16,300271.3068331143
s25h17,300271.3068331143
s25h18,300271.3068331143
s25h19,300271.3068331143
s25h20,300271.3068331143
s25h21,300271.3068331143
s26h1,364303.95926412614
s26h2,364303.95926412614
s26h3,364303.95926412614
s26h4,364303.95926412614
s26h5,364303.95926412614
s26h6,364303.95926412614
s26h7,364303.95926412614
s26h8,364303.95926412614
s26h9,364303.95926412614
s26h10,364303.95926412614
s26h11,364303.95926412614
s26h12,364303.95926412614
s26h13,364303.95926412614
s26h14,364303.95926412614
s26h15,364303.95926412614
s26h16,364303.95926412614
s26h17,364303.95926412614
s26h18,364303.95926412614
s26h19,364303.95926412614
s26h20,364303.95926412614
s26h21,364303.95926412614
s27h1,3869.1688567674114
s27h2,3869.1688567674114
s27h3,3869.1688567674114
s27h4,3869.1688567674114
s27h5,3869.1688567674114
s27h6,3869.1688567674114
s27h7,3869.1688567674114
s27h8,3869.1688567674114
s27h9,3869.1688567674114
s27h10,3869.1688567674114
s27h11,3869.1688567674114
s27h12,3869.1688567674114
s27h13,3869.1688567674114
s27h14,3869.1688567674114
s27h15,3869.1688567674114
s27h16,3869.1688567674114
s27h17,3869.1688567674114
s27h18,3869.1688567674114
s27h19,3869.1688567674114
s27h20,3869.1688567674114
s27h21,3869.1688567674114
s28h1,4556.247043363995
s28h2,4556.247043363995
s28h3,4556.247043363995
s28h4,4556.247043363995
s28h5,4556.247043363995
s28h6,4556.247043363995
s28h7,4556.247043363995
s28h8,4556.247043363995
s28h9,4556.247043363995
s28h10,4556.247043363995
s28h11,4556.247043363995
s28h12,4556.247043363995
s28h13,4556.247043363995
s28h14,4556.247043363995
s28h15,4556.247043363995
s28h16,4556.247043363995
s28h17,4556.247043363995
s28h18,4556.247043363995
s28h19,4556.247043363995
s28h20,4556.247043363995
s28h21,4556.247043363995
s29h1,163650.14323258869
s29h2,163650.14323258869
s29h3,163650.14323258869
s29h4,163650.14323258869
s29h5,163650.14323258869
s29h6,163650.14323258869
s29h7,163650.14323258869
s29h8,163650.14323258869
s29h9,163650.14323258869
s29h10,163650.14323258869
s29h11,163650.14323258869
s29h12,163650.14323258869
s29h13,163650.14323258869
s29h14,163650.14323258869
s29h15,163650.14323258869
s29h16,163650.14323258869
s29h17,163650.14323258869
s29h18,163650.14323258869
s29h19,163650.14323258869
s29h20,163650.14323258869
s29h21,163650.14323258869
s30h1,119873.06701708278
s30h2,119873.06701708278
s30h3,119873.06701708278
s30h4,119873.06701708278
s30h5,119873.06701708278
s30h6,119873.06701708278
s30h7,119873.06701708278
s30h8,119873.06701708278
s30h9,119873.06701708278
s30h10,119873.06701708278
s30h11,119873.06701708278
s30h12,119873.06701708278
s30h13,119873.06701708278
s30h14,119873.06701708278
s30h15,119873.06701708278
s30h16,119873.06701708278
s30h17,119873.06701708278
s30h18,119873.06701708278
s30h19,119873.06701708278
s30h20,119873.06701708278
s30h21,119873.06701708278
s31h1,147499.88042049934
s31h2,147499.88042049934
s31h3,147499.88042049934
s31h4,147499.88042049934
s31h5,147499.88042049934
s31h6,147499.88042049934
s31h7,147499.88042049934
s31h8,147499.88042049934
s31h9,147499.88042049934
s31h10,147499.88042049934
s31h11,147499.88042049934
s31h12,147499.88042049934
s31h13,147499.88042049934
s31h14,147499.88042049934
s31h15,147499.88042049934
s31h16,147499.88042049934
s31h17,147499.88042049934
s31h18,147499.88042049934
s31h19,147499.88042049934
s31h20,147499.88042049934
s31h21,147499.88042049934
s32h1,115107.13074901445
s32h2,115107.13074901445
s32h3,115107.13074901445
s32h4,115107.13074901445
s32h5,115107.13074901445
s32h6,115107.13074901445
s32h7,115107.13074901445
s32h8,115107.13074901445
s32h9,115107.13074901445
s32h10,115107.13074901445
s32h11,115107.13074901445
s32h12,115107.13074901445
s32h13,115107.13074901445
s32h14,115107.13074901445
s32h15,115107.13074901445
s32h16,115107.13074901445
s32h17,115107.13074901445
s32h18,115107.13074901445
s32h19,115107.13074901445
s32h20,115107.13074901445
s32h21,115107.13074901445
s33h1,509623.22536136664
s33h2,509623.22536136664
s33h3,509623.22536136664
s33h4,509623.22536136664
s33h5,509623.22536136664
s33h6,509623.22536136664
s33h7,509623.22536136664
s33h8,509623.22536136664
s33h9,509623.22536136664
s33h10,509623.22536136664
s33h11,509623.22536136664
s33h12,509623.22536136664
s33h13,509623.22536136664
s33h14,509623.22536136664
s33h15,509623.22536136664
s33h16,509623.22536136664
s33h17,509623.22536136664
s33h18,509623.22536136664
s33h19,509623.22536136664
s33h20,509623.22536136664
s33h21,509623.22536136664
s34h1,600832.4454664915
s34h2,600832.4454664915
s34h3,600832.4454664915
s34h4,600832.4454664915
s34h5,600832.4454664915
s34h6,600832.4454664915
s34h7,600832.4454664915
s34h8,600832.4454664915
s34h9,600832.4454664915
s34h10,600832.4454664915
s34h11,600832.4454664915
s34h12,600832.4454664915
s34h13,600832.4454664915
s34h14,600832.4454664915
s34h15,600832.4454664915
s34h16,600832.4454664915
s34h17,600832.4454664915
s34h18,600832.4454664915
s34h19,600832.4454664915
s34h20,600832.4454664915
s34h21,600832.4454664915
s35h1,30731.961892247044
s35h2,30731.961892247044
s35h3,30731.961892247044
s35h4,30731.961892247044
s35h5,30731.961892247044
s35h6,30731.961892247044
s35h7,30731.961892247044
s35h8,30731.961892247044
s35h9,30731.961892247044
s35h10,30731.961892247044
s35h11,30731.961892247044
s35h12,30731.961892247044
s35h13,30731.961892247044
s35h14,30731.961892247044
s35h15,30731.961892247044
s35h16,30731.961892247044
s35h17,30731.961892247044
s35h18,30731.961892247044
s35h19,30731.961892247044
s35h20,30731.961892247044
s35h21,30731.961892247044
s36h1,37612.332457293036
s36h2,37612.332457293036
s36h3,37612.332457293036
s36h4,37612.332457293036
s36h5,37612.332457293036
s36h6,37612.332457293036
s36h7,37612.332457293036
s36h8,37612.332457293036
s36h9,37612.332457293036
s36h10,37612.332457293036
s36h11,37612.332457293036
s36h12,37612.332457293036
s36h13,37612.332457293036
s36h14,37612.332457293036
s36h15,37612.332457293036
s36h16,37612.332457293036
s36h17,37612.332457293036
s36h18,37612.332457293036
s36h19,37612.332457293036
s36h20,37612.332457293036
s36h21,37612.332457293036
s37h1,149470.8791064389
s37h2,149470.8791064389
s37h3,149470.8791064389
s37h4,149470.8791064389
s37h5,149470.8791064389
s37h6,149470.8791064389
s37h7,149470.8791064389
s37h8,149470.8791064389
s37h9,149470.8791064389
s37h10,149470.8791064389
s37h11,149470.8791064389
s37h12,149470.8791064389
s37h13,149470.8791064389
s37h14,149470.8791064389
s37h15,149470.8791064389
s37h16,149470.8791064389
s37h17,149470.8791064389
s37h18,149470.8791064389
s37h19,149470.8791064389
s37h20,149470.8791064389
s37h21,149470.8791064389
s38h1,180598.23915900133
s38h2,180598.23915900133
s38h3,180598.23915900133
s38h4,180598.23915900133
s38h5,180598.23915900133
s38h6,180598.23915900133
s38h7,180598.23915900133
s38h8,180598.23915900133
s38h9,180598.23915900133
s38h10,180598.23915900133
s38h11,180598.23915900133
s38h12,180598.23915900133
s38h13,180598.23915900133
s38h14,180598.23915900133
s38h15,180598.23915900133
s38h16,180598.23915900133
s38h17,180598.23915900133
s38h18,180598.23915900133
s38h19,180598.23915900133
s38h20,180598.23915900133
s38h21,180598.23915900133
s39h1,350233.5085413929
s39h2,350233.5085413929
s39h3,350233.5085413929
s39h4,350233.5085413929
s39h5,350233.5085413929
s39h6,350233.5085413929
s39h7,350233.5085413929
s39h8,350233.5085413929
s39h9,350233.5085413929
s39h10,350233.5085413929
s39h11,350233.5085413929
s39h12,350233.5085413929
s39h13,350233.5085413929
s39h14,350233.5085413929
s39h15,350233.5085413929
s39h16,350233.5085413929
s39h17,350233.5085413929
s39h18,350233.5085413929
s39h19,350233.5085413929
s39h20,350233.5085413929
s39h21,350233.5085413929
s40h1,429604.6130091984
s40h2,429604.6130091984
s40h3,429604.6130091984
s40h4,429604.6130091984
s40h5,429604.6130091984
s40h6,429604.6130091984
s40h7,429604.6130091984
s40h8,429604.6130091984
s40h9,429604.6130091984
s40h10,429604.6130091984
s40h11,429604.6130091984
s40h12,429604.6130091984
s40h13,429604.6130091984
s40h14,429604.6130091984
s40h15,429604.6130091984
s40h16,429604.6130091984
s40h17,429604.6130091984
s40h18,429604.6130091984
s40h19,429604.6130091984
s40h20,429604.6130091984
s40h21,429604.6130091984
s41h1,13810.75114980289
s41h2,13810.75114980289
s41h3,13810.75114980289
s41h4,13810.75114980289
s41h5,13810.75114980289
s41h6,13810.75114980289
s41h7,13810.75114980289
s41h8,13810.75114980289
s41h9,13810.75114980289
s41h10,13810.75114980289
s41h11,13810.75114980289
s41h12,13810.75114980289
s41h13,13810.75114980289
s41h14,13810.75114980289
s41h15,13810.75114980289
s41h16,13810.75114980289
s41h17,13810.75114980289
s41h18,13810.75114980289
s41h19,13810.75114980289
s41h20,13810.75114980289
s41h21,13810.75114980289
s42h1,22238.90867279895
s42h2,22238.90867279895
s42h3,22238.90867279895
s42h4,22238.90867279895
s42h5,22238.90867279895
s42h6,22238.90867279895
s42h7,22238.90867279895
s42h8,22238.90867279895
s42h9,22238.90867279895
s42h10,22238.90867279895
s42h11,22238.90867279895
s42h12,22238.90867279895
s42h13,22238.90867279895
s42h14,22238.90867279895
s42h15,22238.90867279895
s42h16,22238.90867279895
s42h17,22238.90867279895
s42h18,22238.90867279895
s42h19,22238.90867279895
s42h20,22238.90867279895
s42h21,22238.90867279895
s43h1,2450.7375985545336
s43h2,2450.7375985545336
s43h3,2450.7375985545336
s43h4,2450.7375985545336
s43h5,2450.7375985545336
s43h6,2450.7375985545336
s43h7,2450.7375985545336
s43h8,2450.7375985545336
s43h9,2450.7375985545336
s43h10,2450.7375985545336
s43h11,2450.7375985545336
s43h12,2450.7375985545336
s43h13,2450.7375985545336
s43h14,2450.7375985545336
s43h15,2450.7375985545336
s43h16,2450.7375985545336
s43h17,2450.7375985545336
s43h18,2450.7375985545336
s43h19,2450.7375985545336
s43h20,2450.7375985545336
s43h21,2450.7375985545336
s44h1,4226.274967148489
s44h2,4226.274967148489
s44h3,4226.274967148489
s44h4,4226.274967148489
s44h5,4226.274967148489
s44h6,4226.274967148489
s44h7,4226.274967148489
s44h8,4226.274967148489
s44h9,4226.274967148489
s44h10,4226.274967148489
s44h11,4226.274967148489
s44h12,4226.274967148489
s44h13,4226.274967148489
s44h14,4226.274967148489
s44h15,4226.274967148489
s44h16,4226.274967148489
s44h17,4226.274967148489
s44h18,4226.274967148489
s44h19,4226.274967148489
s44h20,4226.274967148489
s44h21,4226.274967148489
s45h1,12760.096254927726
s45h2,12760.096254927726
s45h3,12760.096254927726
s45h4,12760.096254927726
s45h5,12760.096254927726
s45h6,12760.096254927726
s45h7,12760.096254927726
s45h8,12760.096254927726
s45h9,12760.096254927726
s45h10,12760.096254927726
s45h11,12760.096254927726
s45h12,12760.096254927726
s45h13,12760.096254927726
s45h14,12760.096254927726
s45h15,12760.096254927726
s45h16,12760.096254927726
s45h17,12760.096254927726
s45h18,12760.096254927726
s45h19,12760.096254927726
s45h20,12760.096254927726
s45h21,12760.096254927726
s46h1,21395.797634691196
s46h2,21395.797634691196
s46h3,21395.797634691196
s46h4,21395.797634691196
s46h5,21395.797634691196
s46h6,21395.797634691196
s46h7,21395.797634691196
s46h8,21395.797634691196
s46h9,21395.797634691196
s46h10,21395.797634691196
s46h11,21395.797634691196
s46h12,21395.797634691196
s46h13,21395.797634691196
s46h14,21395.797634691196
s46h15,21395.797634691196
s46h16,21395.797634691196
s46h17,21395.797634691196
s46h18,21395.797634691196
s46h19,21395.797634691196
s46h20,21395.797634691196
s46h21,21395.797634691196
s47h1,1218.212220762155
s47h2,1218.212220762155
s47h3,1218.212220762155
s47h4,1218.212220762155
s47h5,1218.212220762155
s47h6,1218.212220762155
s47h7,1218.212220762155
s47h8,1218.212220762155
s47h9,1218.212220762155
s47h10,1218.212220762155
s47h11,1218.212220762155
s47h12,1218.212220762155
s47h13,1218.212220762155
s47h14,1218.212220762155
s47h15,1218.212220762155
s47h16,1218.212220762155
s47h17,1218.212220762155
s47h18,1218.212220762155
s47h19,1218.212220762155
s47h20,1218.212220762155
s47h21,1218.212220762155
s48h1,1523.9132720105124
s48h2,1523.9132720105124
s48h3,1523.9132720105124
s48h4,1523.9132720105124
s48h5,1523.9132720105124
s48h6,1523.9132720105124
s48h7,1523.9132720105124
s48h8,1523.9132720105124
s48h9,1523.9132720105124
s48h10,1523.9132720105124
s48h11,1523.9132720105124
s48h12,1523.9132720105124
s48h13,1523.9132720105124
s48h14,1523.9132720105124
s48h15,1523.9132720105124
s48h16,1523.9132720105124
s48h17,1523.9132720105124
s48h18,1523.9132720105124
s48h19,1523.9132720105124
s48h20,1523.9132720105124
s48h21,1523.9132720105124
s49h1,539865.1925098555
s49h2,539865.1925098555
s49h3,539865.1925098555
s49h4,539865.1925098555
s49h5,539865.1925098555
s49h6,539865.1925098555
s49h7,539865.1925098555
s49h8,539865.1925098555
s49h9,539865.1925098555
s49h10,539865.1925098555
s49h11,539865.1925098555
s49h12,539865.1925098555
s49h13,539865.1925098555
s49h14,539865.1925098555
s49h15,539865.1925098555
s49h16,539865.1925098555
s49h17,539865.1925098555
s49h18,539865.1925098555
s49h19,539865.1925098555
s49h20,539865.1925098555
s49h21,539865.1925098555
s50h1,659330.2950065703
s50h2,659330.2950065703
s50h3,659330.2950065703
s50h4,659330.2950065703
s50h5,659330.2950065703
s50h6,659330.2950065703
s50h7,659330.2950065703
s50h8,659330.2950065703
s50h9,659330.2950065703
s50h10,659330.2950065703
s50h11,659330.2950065703
s50h12,659330.2950065703
s50h13,659330.2950065703
s50h14,659330.2950065703
s50h15,659330.2950065703
s50h16,659330.2950065703
s50h17,659330.2950065703
s50h18,659330.2950065703
s50h19,659330.2950065703
s50h20,659330.2950065703
s50h21,659330.2950065703
s51h1,7839.144546649146
s51h2,7839.144546649146
s51h3,7839.144546649146
s51h4,7839.144546649146
s51h5,7839.144546649146
s51h6,7839.144546649146
s51h7,7839.144546649146
s51h8,7839.144546649146
s51h9,7839.144546649146
s51h10,7839.144546649146
s51h11,7839.144546649146
s51h12,7839.144546649146
s51h13,7839.144546649146
s51h14,7839.144546649146
s51h15,7839.144546649146
s51h16,7839.144546649146
s51h17,7839.144546649146
s51h18,7839.144546649146
s51h19,7839.144546649146
s51h20,7839.144546649146
s51h21,7839.144546649146
s52h1,9652.754270696452
s52h2,9652.754270696452
s52h3,9652.754270696452
s52h4,9652.754270696452
s52h5,9652.754270696452
s52h6,9652.754270696452
s52h7,9652.754270696452
s52h8,9652.754270696452
s52h9,9652.754270696452
s52h10,9652.754270696452
s52h11,9652.754270696452
s52h12,9652.754270696452
s52h13,9652.754270696452
s52h14,9652.754270696452
s52h15,9652.754270696452
s52h16,9652.754270696452
s52h17,9652.754270696452
s52h18,9652.754270696452
s52h19,9652.754270696452
s52h20,9652.754270696452
s52h21,9652.754270696452
s53h1,296078.71156373195
s53h2,296078.71156373195
s53h3,296078.71156373195
s53h4,296078.71156373195
s53h5,296078.71156373195
s53h6,296078.71156373195
s53h7,296078.71156373195
s53h8,296078.71156373195
s53h9,296078.71156373195
s53h10,296078.71156373195
s53h11,296078.71156373195
s53h12,296078.71156373195
s53h13,296078.71156373195
s53h14,296078.71156373195
s53h15,296078.71156373195
s53h16,296078.71156373195
s53h17,296078.71156373195
s53h18,296078.71156373195
s53h19,296078.71156373195
s53h20,296078.71156373195
s53h21,296078.71156373195
s54h1,215006.8258869908
s54h2,215006.8258869908
s54h3,215006.8258869908
s54h4,215006.8258869908
s54h5,215006.8258869908
s54h6,215006.8258869908
s54h7,215006.8258869908
s54h8,215006.8258869908
s54h9,215006.8258869908
s54h10,215006.8258869908
s54h11,215006.8258869908
s54h12,215006.8258869908
s54h13,215006.8258869908
s54h14,215006.8258869908
s54h15,215006.8258869908
s54h16,215006.8258869908
s54h17,215006.8258869908
s54h18,215006.8258869908
s54h19,215006.8258869908
s54h20,215006.8258869908
s54h21,215006.8258869908
s55h1,238429.8094612352
s55h2,238429.8094612352
s55h3,238429.8094612352
s55h4,238429.8094612352
s55h5,238429.8094612352
s55h6,238429.8094612352
s55h7,238429.8094612352
s55h8,238429.8094612352
s55h9,238429.8094612352
s55h10,238429.8094612352
s55h11,238429.8094612352
s55h12,238429.8094612352
s55h13,238429.8094612352
s55h14,238429.8094612352
s55h15,238429.8094612352
s55h16,238429.8094612352
s55h17,238429.8094612352
s55h18,238429.8094612352
s55h19,238429.8094612352
s55h20,238429.8094612352
s55h21,238429.8094612352
s56h1,297069.1097240473
s56h2,297069.1097240473
s56h3,297069.1097240473
s56h4,297069.1097240473
s56h5,297069.1097240473
s56h6,297069.1097240473
s56h7,297069.1097240473
s56h8,297069.1097240473
s56h9,297069.1097240473
s56h10,297069.1097240473
s56h11,297069.1097240473
s56h12,297069.1097240473
s56h13,297069.1097240473
s56h14,297069.1097240473
s56h15,297069.1097240473
s56h16,297069.1097240473
s56h17,297069.1097240473
s56h18,297069.1097240473
s56h19,297069.1097240473
s56h20,297069.1097240473
s56h21,297069.1097240473
s57h1,39864.49605781866
s57h2,39864.49605781866
s57h3,39864.49605781866
s57h4,39864.49605781866
s57h5,39864.49605781866
s57h6,39864.49605781866
s57h7,39864.49605781866
s57h8,39864.49605781866
s57h9,39864.49605781866
s57h10,39864.49605781866
s57h11,39864.49605781866
s57h12,39864.49605781866
s57h13,39864.49605781866
s57h14,39864.49605781866
s57h15,39864.49605781866
s57h16,39864.49605781866
s57h17,39864.49605781866
s57h18,39864.49605781866
s57h19,39864.49605781866
s57h20,39864.49605781866
s57h21,39864.49605781866
s58h1,66407.39150788436
s58h2,66407.39150788436
s58h3,66407.39150788436
s58h4,66407.39150788436
s58h5,66407.39150788436
s58h6,66407.39150788436
s58h7,66407.39150788436
s58h8,66407.39150788436
s58h9,66407.39150788436
s58h10,66407.39150788436
s58h11,66407.39150788436
s58h12,66407.39150788436
s58h13,66407.39150788436
s58h14,66407.39150788436
s58h15,66407.39150788436
s58h16,66407.39150788436
s58h17,66407.39150788436
s58h18,66407.39150788436
s58h19,66407.39150788436
s58h20,66407.39150788436
s58h21,66407.39150788436
s59h1,1165.823258869908
s59h2,1165.823258869908
s59h3,1165.823258869908
s59h4,1165.823258869908
s59h5,1165.823258869908
s59h6,1165.823258869908
s59h7,1165.823258869908
s59h8,1165.823258869908
s59h9,1165.823258869908
s59h10,1165.823258869908
s59h11,1165.823258869908
s59h12,1165.823258869908
s59h13,1165.823258869908
s59h14,1165.823258869908
s59h15,1165.823258869908
s59h16,1165.823258869908
s59h17,1165.823258869908
s59h18,1165.823258869908
s59h19,1165.823258869908
s59h20,1165.823258869908
s59h21,1165.823258869908
s60h1,1496.8012483574244
s60h2,1496.8012483574244
s60h3,1496.8012483574244
s60h4,1496.8012483574244
s60h5,1496.8012483574244
s60h6,1496.8012483574244
s60h7,1496.8012483574244
s60h8,1496.8012483574244
s60h9,1496.8012483574244
s60h10,1496.8012483574244
s60h11,1496.8012483574244
s60h12,1496.8012483574244
s60h13,1496.8012483574244
s60h14,1496.8012483574244
s60h15,1496.8012483574244
s60h16,1496.8012483574244
s60h17,1496.8012483574244
s60h18,1496.8012483574244
s60h19,1496.8012483574244
s60h20,1496.8012483574244
s60h21,1496.8012483574244
s61h1,28942.49802890933
s61h2,28942.49802890933
s61h3,28942.49802890933
s61h4,28942.49802890933
s61h5,28942.49802890933
s61h6,28942.49802890933
s61h7,28942.49802890933
s61h8,28942.49802890933
s61h9,28942.49802890933
s61h10,28942.49802890933
s61h11,28942.49802890933
s61h12,28942.49802890933
s61h13,28942.49802890933
s61h14,28942.49802890933
s61h15,28942.49802890933
s61h16,28942.49802890933
s61h17,28942.49802890933
s61h18,28942.49802890933
s61h19,28942.49802890933
s61h20,28942.49802890933
s61h21,28942.49802890933
s62h1,9738.93396846255
s62h2,9738.93396846255
s62h3,9738.93396846255
s62h4,9738.93396846255
s62h5,9738.93396846255
s62h6,9738.93396846255
s62h7,9738.93396846255
s62h8,9738.93396846255
s62h9,9738.93396846255
s62h10,9738.93396846255
s62h11,9738.93396846255
s62h12,9738.93396846255
s62h13,9738.93396846255
s62h14,9738.93396846255
s62h15,9738.93396846255
s62h16,9738.93396846255
s62h17,9738.93396846255
s62h18,9738.93396846255
s62h19,9738.93396846255
s62h20,9738.93396846255
s62h21,9738.93396846255
s63h1,8640.452693823916
s63h2,8640.452693823916
s63h3,8640.452693823916
s63h4,8640.452693823916
s63h5,8640.452693823916
s63h6,8640.452693823916
s63h7,8640.452693823916
s63h8,8640.452693823916
s63h9,8640.452693823916
s63h10,8640.452693823916
s63h11,8640.452693823916
s63h12,8640.452693823916
s63h13,8640.452693823916
s63h14,8640.452693823916
s63h15,8640.452693823916
s63h16,8640.452693823916
s63h17,8640.452693823916
s63h18,8640.452693823916
s63h19,8640.452693823916
s63h20,8640.452693823916
s63h21,8640.452693823916
s64h1,19966.638633377137
s64h2,19966.638633377137
s64h3,19966.638633377137
s64h4,19966.638633377137
s64h5,19966.638633377137
s64h6,19966.638633377137
s64h7,19966.638633377137
s64h8,19966.638633377137
s64h9,19966.638633377137
s64h10,19966.638633377137
s64h11,19966.638633377137
s64h12,19966.638633377137
s64h13,19966.638633377137
s64h14,19966.638633377137
s64h15,19966.638633377137
s64h16,19966.638633377137
s64h17,19966.638633377137
s64h18,19966.638633377137
s64h19,19966.638633377137
s64h20,19966.638633377137
s64h21,19966.638633377137
s65h1,200474.91458607095
s65h2,200474.91458607095
s65h3,200474.91458607095
s65h4,200474.91458607095
s65h5,200474.91458607095
s65h6,200474.91458607095
s65h7,200474.91458607095
s65h8,200474.91458607095
s65h9,200474.91458607095
s65h10,200474.91458607095
s65h11,200474.91458607095
s65h12,200474.91458607095
s65h13,200474.91458607095
s65h14,200474.91458607095
s65h15,200474.91458607095
s65h16,200474.91458607095
s65h17,200474.91458607095
s65h18,200474.91458607095
s65h19,200474.91458607095
s65h20,200474.91458607095
s65h21,200474.91458607095
s66h1,243125.00394218133
s66h2,243125.00394218133
s66h3,243125.00394218133
s66h4,243125.00394218133
s66h5,243125.00394218133
s66h6,243125.00394218133
s66h7,243125.00394218133
s66h8,243125.00394218133
s66h9,243125.00394218133
s66h10,243125.00394218133
s66h11,243125.00394218133
s66h12,243125.00394218133
s66h13,243125.00394218133
s66h14,243125.00394218133
s66h15,243125.00394218133
s66h16,243125.00394218133
s66h17,243125.00394218133
s66h18,243125.00394218133
s66h19,243125.00394218133
s66h20,243125.00394218133
s66h21,243125.00394218133
s67h1,6102.587385019711
s67h2,6102.587385019711
s67h3,6102.587385019711
s67h4,6102.587385019711
s67h5,6102.587385019711
s67h6,6102.587385019711
s67h7,6102.587385019711
s67h8,6102.587385019711
s67h9,6102.587385019711
s67h10,6102.587385019711
s67h11,6102.587385019711
s67h12,6102.587385019711
s67h13,6102.587385019711
s67h14,6102.587385019711
s67h15,6102.587385019711
s67h16,6102.587385019711
s67h17,6102.587385019711
s67h18,6102.587385019711
s67h19,6102.587385019711
s67h20,6102.587385019711
s67h21,6102.587385019711
s68h1,5162.137976346912
s68h2,5162.137976346912
s68h3,5162.137976346912
s68h4,5162.137976346912
s68h5,5162.137976346912
s68h6,5162.137976346912
s68h7,5162.137976346912
s68h8,5162.137976346912
s68h9,5162.137976346912
s68h10,5162.137976346912
s68h11,5162.137976346912
s68h12,5162.137976346912
s68h13,5162.137976346912
s68h14,5162.137976346912
s68h15,5162.137976346912
s68h16,5162.137976346912
s68h17,5162.137976346912
s68h18,5162.137976346912
s68h19,5162.137976346912
s68h20,5162.137976346912
s68h21,5162.137976346912
s69h1,117571.5420499343
s69h2,117571.5420499343
s69h3,117571.5420499343
s69h4,117571.5420499343
s69h5,117571.5420499343
s69h6,117571.5420499343
s69h7,117571.5420499343
s69h8,117571.5420499343
s69h9,117571.5420499343
s69h10,117571.5420499343
s69h11,117571.5420499343
s69h12,117571.5420499343
s69h13,117571.5420499343
s69h14,117571.5420499343
s69h15,117571.5420499343
s69h16,117571.5420499343
s69h17,117571.5420499343
s69h18,117571.5420499343
s69h19,117571.5420499343
s69h20,117571.5420499343
s69h21,117571.5420499343
s70h1,145371.55256241787
s70h2,145371.55256241787
s70h3,145371.55256241787
s70h4,145371.55256241787
s70h5,145371.55256241787
s70h6,145371.55256241787
s70h7,145371.55256241787
s70h8,145371.55256241787
s70h9,145371.55256241787
s70h10,145371.55256241787
s70h11,145371.55256241787
s70h12,145371.55256241787
s70h13,145371.55256241787
s70h14,145371.55256241787
s70h15,145371.55256241787
s70h16,145371.55256241787
s70h17,145371.55256241787
s70h18,145371.55256241787
s70h19,145371.55256241787
s70h20,145371.55256241787
s70h21,145371.55256241787
s71h1,82942.28449408672
s71h2,82942.28449408672
s71h3,82942.28449408672
s71h4,82942.28449408672
s71h5,82942.28449408672
s71h6,82942.28449408672
s71h7,82942.28449408672
s71h8,82942.28449408672
s71h9,82942.28449408672
s71h10,82942.28449408672
s71h11,82942.28449408672
s71h12,82942.28449408672
s71h13,82942.28449408672
s71h14,82942.28449408672
s71h15,82942.28449408672
s71h16,82942.28449408672
s71h17,82942.28449408672
s71h18,82942.28449408672
s71h19,82942.28449408672
s71h20,82942.28449408672
s71h21,82942.28449408672
s72h1,101958.66688567674
s72h2,101958.66688567674
s72h3,101958.66688567674
s72h4,101958.66688567674
s72h5,101958.66688567674
s72h6,101958.66688567674
s72h7,101958.66688567674
s72h8,101958.66688567674
s72h9,101958.66688567674
s72h10,101958.66688567674
s72h11,101958.66688567674
s72h12,101958.66688567674
s72h13,101958.66688567674
s72h14,101958.66688567674
s72h15,101958.66688567674
s72h16,101958.66688567674
s72h17,101958.66688567674
s72h18,101958.66688567674
s72h19,101958.66688567674
s72h20,101958.66688567674
s72h21,101958.66688567674
