Id,forecasts
s1h1,251659.82982749332
s1h2,230705.33329112176
s1h3,218258.52681842016
s1h4,219530.887228529
s1h5,227894.97881224984
s1h6,227191.99637753892
s1h7,263679.537858851
s1h8,226243.43828084646
s1h9,209242.5596239854
s1h10,199644.74558667367
s1h11,202073.1851028868
s1h12,210851.506888547
s1h13,211535.89587454172
s1h14,245100.12853228184
s1h15,212031.9284216716
s1h16,196443.95110040408
s1h17,186957.1979647687
s1h18,187755.03082462001
s1h19,193550.45590140647
s1h20,191772.697036995
s1h21,217071.00232850798
s2h1,370102.15737810504
s2h2,350348.29819179926
s2h3,341455.097649741
s2h4,342938.24035201594
s2h5,350355.50255842047
s2h6,360556.1984434486
s2h7,445499.0712058312
s2h8,381038.3120885604
s2h9,358252.51467218564
s2h10,347314.46490373847
s2h11,347457.16100670904
s2h12,353987.6022899071
s2h13,363669.7298267693
s2h14,449613.6750420544
s2h15,384092.6518920381
s2h16,361169.080029506
s2h17,350346.8254355292
s2h18,350763.6814273502
s2h19,357590.9888169605
s2h20,367472.7958071643
s2h21,454969.64179979125
s3h1,2480.0241185425843
s3h2,2435.8251578735903
s3h3,2370.7577997662584
s3h4,2328.124232946897
s3h5,2377.4149521123745
s3h6,2775.095848881055
s3h7,2410.999415863888
s3h8,2381.2440598159446
s3h9,2345.901941421165
s3h10,2284.7323240212727
s3h11,2240.4576219473392
s3h12,2281.4637060468153
s3h13,2654.884767700803
s3h14,2299.3108992895995
s3h15,2268.09551930244
s3h16,2237.537364722511
s3h17,2189.6251157239503
s3h18,2165.77915928035
s3h19,2233.1134387487864
s3h20,2640.0978077311433
s3h21,2328.561696149781
s4h1,2913.054111904527
s4h2,2842.080437598286
s4h3,2717.8757682584924
s4h4,2656.9187287474733
s4h5,2702.2838060275435
s4h6,3099.6874019098586
s4h7,2761.6407666875584
s4h8,2679.671131365501
s4h9,2624.6854968365915
s4h10,2516.3987351666765
s4h11,2464.432925366923
s4h12,2511.112884508646
s4h13,2889.9198475158296
s4h14,2582.322651413551
s4h15,2520.9354025285807
s4h16,2492.468983159937
s4h17,2420.796405475139
s4h18,2410.870530135163
s4h19,2506.1640037346338
s4h20,2948.047979462961
s4h21,2696.3503326363107
s5h1,101148.4896248326
s5h2,96857.35708247707
s5h3,91983.55291082354
s5h4,86602.0648162665
s5h5,81979.72641781322
s5h6,69236.05155984746
s5h7,82054.303255087
s5h8,95324.63344824404
s5h9,91607.98809582186
s5h10,87168.35996505145
s5h11,82071.99359015738
s5h12,77544.02841028922
s5h13,65350.26073005163
s5h14,76944.09968593295
s5h15,88802.2082244677
s5h16,85063.53734857315
s5h17,80849.16133536337
s5h18,76249.06085790732
s5h19,72379.10198503644
s5h20,61550.16545143541
s5h21,73078.4048617302
s6h1,129194.50890752632
s6h2,124852.23335284127
s6h3,119795.27054098823
s6h4,118895.43985399946
s6h5,109774.4446088028
s6h6,90920.97020598417
s6h7,113501.02337859057
s6h8,135519.05094501685
s6h9,132780.96433879805
s6h10,128890.02112352257
s6h11,129069.97806367511
s6h12,119800.50795301626
s6h13,99346.68131427896
s6h14,124023.28047293515
s6h15,147596.12721715224
s6h16,143630.9500988773
s6h17,138231.1269600676
s6h18,137138.69517065733
s6h19,126071.36222599757
s6h20,103597.6419797557
s6h21,128451.72607887816
s7h1,128718.8242034041
s7h2,115293.47008116842
s7h3,111381.98996474061
s7h4,112026.26758595894
s7h5,126457.4304388573
s7h6,144582.3382759024
s7h7,168073.76330790663
s7h8,118434.0476227591
s7h9,107616.01447565189
s7h10,105287.84636806797
s7h11,107220.09478539383
s7h12,122271.78048315021
s7h13,141263.97303143094
s7h14,165728.31867929103
s7h15,117761.53994216738
s7h16,107153.7381880527
s7h17,104508.67655370933
s7h18,105657.11736517012
s7h19,118981.47141263333
s7h20,135068.73494910746
s7h21,154947.53889076912
s8h1,202762.2786535106
s8h2,197700.9820012784
s8h3,194871.1111011346
s8h4,194891.18969289854
s8h5,194776.09839826458
s8h6,191549.7352812756
s8h7,193382.13811191526
s8h8,191509.99167591764
s8h9,185142.6636521164
s8h10,181366.3133045406
s8h11,180678.8466821899
s8h12,180337.7126829537
s8h13,177607.9232561778
s8h14,179758.67391957543
s8h15,178771.9045817193
s8h16,173740.76147583427
s8h17,170997.75061388564
s8h18,170958.64253499996
s8h19,171051.46462895183
s8h20,168707.52097425275
s8h21,170717.766735013
s9h1,198593.70006072853
s9h2,176160.75663035474
s9h3,171084.22922326566
s9h4,165613.1975946772
s9h5,155333.746793726
s9h6,150054.12938629367
s9h7,164922.04121138938
s9h8,170835.47729046072
s9h9,155034.15225193655
s9h10,153444.06499359582
s9h11,151024.40882511568
s9h12,143572.48239019982
s9h13,139861.1477647784
s9h14,153993.42643954282
s9h15,159340.003615185
s9h16,144345.90758468173
s9h17,142150.47433998642
s9h18,139160.12781604577
s9h19,131775.25042035256
s9h20,127998.2852653777
s9h21,140406.088101546
s10h1,7040.885729615997
s10h2,6470.55687506237
s10h3,6000.138081373016
s10h4,5589.699092820119
s10h5,5232.077788236847
s10h6,4923.056042045058
s10h7,4656.946634266636
s10h8,4416.091392866851
s10h9,4208.579075561806
s10h10,4027.463059625685
s10h11,3863.3993452610907
s10h12,3714.787194877507
s10h13,3581.0532208323034
s10h14,3461.1624995639745
s10h15,3348.8862610127007
s10h16,3248.070708050817
s10h17,3156.580926974556
s10h18,3070.681040898447
s10h19,2989.967125126158
s10h20,2914.600909196939
s10h21,2844.55344254391
s11h1,22008.69291776737
s11h2,22664.684302272934
s11h3,22125.20837626189
s11h4,21848.501959953508
s11h5,21643.988494332985
s11h6,21351.955637356074
s11h7,21550.27695632792
s11h8,22522.855233878832
s11h9,23487.113952028365
s11h10,23171.038672262683
s11h11,22995.948082512896
s11h12,22760.758365848207
s11h13,22308.623611537656
s11h14,22224.23727451131
s11h15,22822.3901842354
s11h16,23367.719135093637
s11h17,22619.27181789831
s11h18,22035.876569466804
s11h19,21453.517249191646
s11h20,20742.96983589442
s11h21,20523.888374166578
s12h1,28181.350089428965
s12h2,27957.215510528815
s12h3,28137.365734155388
s12h4,27402.588447581453
s12h5,26547.236917745762
s12h6,25379.339760171126
s12h7,25240.747183089024
s12h8,26706.261874725806
s12h9,26693.04928463768
s12h10,27028.331469307945
s12h11,26383.77041863383
s12h12,25556.49278386736
s12h13,24366.730915321
s12h14,24177.407061208058
s12h15,25589.24394490358
s12h16,25544.823387842767
s12h17,25897.420700317252
s12h18,25337.648033263347
s12h19,24674.805860758323
s12h20,23731.19134566103
s12h21,23862.13870075841
s13h1,612181.4909255743
s13h2,584306.859587534
s13h3,564362.9599360462
s13h4,534914.34667935
s13h5,512079.941423741
s13h6,448262.31640885054
s13h7,484459.877369521
s13h8,586823.4749320811
s13h9,565504.9876736215
s13h10,551201.6970237622
s13h11,526613.129103659
s13h12,507300.39412966126
s13h13,446049.51459498756
s13h14,483298.95748000237
s13h15,586053.5281757246
s13h16,564822.1445282167
s13h17,550340.2242903016
s13h18,525656.991071563
s13h19,506534.0694993455
s13h20,445891.35375667585
s13h21,484132.2060115611
s14h1,727582.8030246105
s14h2,707114.8127410549
s14h3,697152.201172209
s14h4,675237.578540209
s14h5,652884.424316648
s14h6,569402.4360282223
s14h7,616473.5956003026
s14h8,744803.215850921
s14h9,741085.2736691887
s14h10,747284.0748969404
s14h11,737982.9030916861
s14h12,724060.9092042531
s14h13,636536.5940018462
s14h14,690836.1662815713
s14h15,831490.3784769073
s14h16,818120.7871046863
s14h17,811628.3140151514
s14h18,785713.318145398
s14h19,754436.7656121607
s14h20,649232.1483845081
s14h21,691373.4245420533
s15h1,976138.635735045
s15h2,894179.1552360989
s15h3,847285.713636246
s15h4,835748.9794425278
s15h5,887193.5831298009
s15h6,1030876.2594729235
s15h7,1184191.8464275026
s15h8,1026022.8591158987
s15h9,951648.4949526853
s15h10,910859.6428693433
s15h11,904692.8011616432
s15h12,963554.4364730008
s15h13,1118955.8784444456
s15h14,1279288.3503388774
s15h15,1098281.415169212
s15h16,1006316.4176318302
s15h17,949317.1642172817
s15h18,928046.3979802124
s15h19,972506.6456838571
s15h20,1111779.5372112484
s15h21,1253129.5568945075
s16h1,1271028.6090963935
s16h2,1144802.1733974367
s16h3,1115220.8299148737
s16h4,1086049.2574571925
s16h5,1114564.7075164476
s16h6,1255109.2527542906
s16h7,1386370.0434788347
s16h8,1200473.0966411924
s16h9,1079156.9029544494
s16h10,1046025.2254872206
s16h11,1012443.0646634604
s16h12,1030194.6365809545
s16h13,1145660.045234297
s16h14,1249320.2698901396
s16h15,1078922.8522811856
s16h16,967101.7712961109
s16h17,933041.1908862693
s16h18,900302.510419353
s16h19,912606.6927916264
s16h20,1008221.9045340838
s16h21,1094752.3358769882
s17h1,708904.2861308323
s17h2,711391.8426310744
s17h3,707514.652159329
s17h4,691247.370391441
s17h5,613532.518035914
s17h6,564775.1292820612
s17h7,676392.4578408418
s17h8,775155.9794695847
s17h9,775406.7502107458
s17h10,767195.049748859
s17h11,744456.4156611497
s17h12,656157.3513485846
s17h13,598564.0431346096
s17h14,707709.2574863934
s17h15,801778.4126823418
s17h16,794457.6924791873
s17h17,779455.7926156024
s17h18,751053.7245554219
s17h19,658380.0466556257
s17h20,598193.9504387107
s17h21,705657.5453047894
s18h1,463964.6725703315
s18h2,462878.41884390666
s18h3,468501.8388789721
s18h4,454774.1696935334
s18h5,417090.2314381772
s18h6,388334.55694279046
s18h7,475722.2743685957
s18h8,514565.4603421873
s18h9,506341.1294370029
s18h10,503606.06577083253
s18h11,479729.1457823561
s18h12,431831.3040381672
s18h13,395072.66267643665
s18h14,476897.4720836152
s18h15,510840.927846816
s18h16,500164.1247577669
s18h17,497293.00080706796
s18h18,475432.70261320716
s18h19,430810.317664056
s18h20,397473.94739816955
s18h21,483593.94504801783
s19h1,23627.16146535031
s19h2,27709.966481890533
s19h3,32036.870596501536
s19h4,35118.44185806852
s19h5,33768.97785581108
s19h6,32274.739992970073
s19h7,42579.132032900336
s19h8,59983.059197016286
s19h9,83300.16969069041
s19h10,113629.42965599085
s19h11,135643.39673750853
s19h12,115395.2975376632
s19h13,95336.24908170666
s19h14,149537.8369969418
s19h15,279026.23076581705
s19h16,536289.8442831275
s19h17,1099068.5967828077
s19h18,1511565.2754796918
s19h19,661651.2640031036
s19h20,387343.7981835653
s19h21,2241176.035065214
s20h1,65560.313797834
s20h2,95735.24176370056
s20h3,144878.3197514911
s20h4,187032.13404215703
s20h5,188515.56129533306
s20h6,147406.92034637308
s20h7,317886.11365188035
s20h8,10386489.473580426
s20h9,17492
s20h10,15912
s20h11,19469
s20h12,18029
s20h13,20023
s20h14,15493
s20h15,14606
s20h16,17492
s20h17,15912
s20h18,19469
s20h19,18029
s20h20,20023
s20h21,15493
s21h1,286044.34136255184
s21h2,296175.28723321296
s21h3,297337.95494602824
s21h4,294848.70827417617
s21h5,298710.1496659203
s21h6,311691.79891220975
s21h7,316515.50456870376
s21h8,319081.149585514
s21h9,329870.31902336923
s21h10,331183.78062170884
s21h11,328041.0323636745
s21h12,330070.5150217403
s21h13,340044.55856853246
s21h14,341308.4282371406
s21h15,339736.22498504265
s21h16,345848.7697989059
s21h17,342494.9724309011
s21h18,334800.69629084016
s21h19,332565.42250035104
s21h20,338838.8179921136
s21h21,337130.0327918542
s22h1,198349.01414796372
s22h2,204963.71593478858
s22h3,209007.81331452125
s22h4,204321.66192328813
s22h5,175368.03893577374
s22h6,141554.74587342198
s22h7,170132.97456123924
s22h8,219052.16577813722
s22h9,222496.5856649924
s22h10,222443.81500658323
s22h11,212903.38356234078
s22h12,178908.5951898905
s22h13,141624.52723798866
s22h14,167390.1985026301
s22h15,212691.31115724525
s22h16,214210.8608335986
s22h17,213422.82969170756
s22h18,204604.13374312216
s22h19,173040.15830304855
s22h20,138387.22118286754
s22h21,165659.2652371006
s23h1,385464.883086119
s23h2,387705.0022485311
s23h3,395992.16771276656
s23h4,389493.2714037024
s23h5,357467.14472428046
s23h6,353596.6762766459
s23h7,431157.8608053221
s23h8,449644.7119815767
s23h9,447196.7802017354
s23h10,449614.7922945661
s23h11,434212.7967992056
s23h12,390993.16700143117
s23h13,379589.6642222839
s23h14,455046.5804218958
s23h15,468417.66569229687
s23h16,461753.8383549738
s23h17,462060.3675732215
s23h18,445825.65756014036
s23h19,402303.95017133164
s23h20,392070.1666291531
s23h21,471868.43987849046
s24h1,266229.230226162
s24h2,251066.65469000916
s24h3,244502.490851799
s24h4,241790.78605900955
s24h5,226856.58227461416
s24h6,235302.67560369437
s24h7,286529.52729694615
s24h8,281014.2575883003
s24h9,264740.94538389216
s24h10,256342.58676424983
s24h11,251164.9280631758
s24h12,233184.36262216629
s24h13,238672.3413404981
s24h14,286961.8582587314
s24h15,278590.49807254074
s24h16,260081.18503032537
s24h17,250058.5939135068
s24h18,243844.69211083767
s24h19,225518.71068301215
s24h20,230748.89270835533
s24h21,278464.2766305489
s25h1,251632.309278922
s25h2,239468.34633128528
s25h3,229547.58068004568
s25h4,223271.2938872199
s25h5,223959.86745147328
s25h6,240324.39509812996
s25h7,265267.50590674026
s25h8,237483.26156239898
s25h9,228449.0220566434
s25h10,221265.96716320235
s25h11,217102.8148030914
s25h12,219087.5229304112
s25h13,235654.07864268814
s25h14,259692.77316073573
s25h15,231561.7082885334
s25h16,220993.41572217943
s25h17,211790.35456077673
s25h18,205253.96604651344
s25h19,204366.62479247322
s25h20,216619.19620655134
s25h21,235336.96082329785
s26h1,319241.8879985149
s26h2,311718.9894606844
s26h3,312406.3771391126
s26h4,310670.1501088151
s26h5,304323.4445080646
s26h6,326912.14793342014
s26h7,377235.38739013835
s26h8,339292.2399041236
s26h9,328957.29711806355
s26h10,327758.9178230611
s26h11,324351.7945781064
s26h12,316542.3857979087
s26h13,339682.10161250585
s26h14,392405.4377239527
s26h15,352345.5132031641
s26h16,341498.9692313728
s26h17,340160.72567122016
s26h18,336213.51067914465
s26h19,327252.5864048695
s26h20,350121.38100932166
s26h21,402847.2618158182
s27h1,2801.9019934323132
s27h2,2656.2041594659527
s27h3,2692.2354356236897
s27h4,2677.4422647676115
s27h5,2809.436575004136
s27h6,2986.993520951846
s27h7,3005.415870352366
s27h8,3028.2099314332745
s27h9,2892.83154012931
s27h10,2940.9701945754705
s27h11,2916.1512778552064
s27h12,3034.6900180977445
s27h13,3183.066789913002
s27h14,3144.8965362922586
s27h15,3103.4509359264052
s27h16,2901.3298753363933
s27h17,2890.3676879438967
s27h18,2817.2270136979478
s27h19,2894.8526416216505
s27h20,3015.720655128238
s27h21,2980.190070438302
s28h1,3076.8849007870544
s28h2,2922.567097022871
s28h3,2896.699247559387
s28h4,2845.5151777201863
s28h5,2910.0387127158233
s28h6,3020.476554568319
s28h7,2978.0465485070513
s28h8,3034.270946658658
s28h9,2900.014678279249
s28h10,2882.1289260752815
s28h11,2828.1160319660476
s28h12,2878.6239413353037
s28h13,2964.7316843367907
s28h14,2894.1419937219907
s28h15,2916.861887686771
s28h16,2758.3377244337917
s28h17,2717.073373117032
s28h18,2650.14438783678
s28h19,2691.8456326522705
s28h20,2779.031743870113
s28h21,2731.7853002509128
s29h1,109550.25451358352
s29h2,103478.57985876038
s29h3,102455.44290969451
s29h4,98594.49069419806
s29h5,94051.0694394954
s29h6,86277.08534883114
s29h7,103544.14770854589
s29h8,114023.15516563492
s29h9,108430.11017177402
s29h10,107813.34802537176
s29h11,104065.20015449492
s29h12,99454.9191666172
s29h13,91394.95809172987
s29h14,109300.32749762254
s29h15,120168.09872960647
s29h16,114457.74926867498
s29h17,113999.70105039582
s29h18,110381.52498194536
s29h19,105916.7445390635
s29h20,97836.56243157244
s29h21,116864.82186067772
s30h1,79125.12761522221
s30h2,75942.87996948046
s30h3,74937.88382965597
s30h4,73281.80943897177
s30h5,68974.27425203373
s30h6,65502.82848028441
s30h7,76093.47765208379
s30h8,82299.85163214369
s30h9,78835.46246228859
s30h10,77386.11263021141
s30h11,75074.69516149072
s30h12,69947.57646208705
s30h13,65640.93444921474
s30h14,75327.2927616905
s30h15,80556.9173172368
s30h16,76369.69347783377
s30h17,74356.99434373566
s30h18,71733.49772910902
s30h19,66629.69030926582
s30h20,62527.572624847664
s30h21,72101.55481914371
s31h1,143100.84711671143
s31h2,135054.09302538732
s31h3,135768.2147479237
s31h4,136149.5090677875
s31h5,134780.06370048452
s31h6,168364.89436856424
s31h7,194559.23925364745
s31h8,146573.29046940856
s31h9,138292.1500483349
s31h10,138660.47499211642
s31h11,138282.90047269664
s31h12,135808.41393665763
s31h13,168016.37164003684
s31h14,191754.70761812894
s31h15,143257.1989366882
s31h16,134050.735232411
s31h17,133449.22210505517
s31h18,132467.46761450497
s31h19,129891.34280330228
s31h20,160002.81523303097
s31h21,182713.2726029966
s32h1,99893.85105768788
s32h2,95023.88935621004
s32h3,92067.33866003017
s32h4,89981.4405911291
s32h5,89786.91921632935
s32h6,107958.5668028742
s32h7,125400.93548731304
s32h8,95091.4096631407
s32h9,91337.93941579727
s32h10,89081.03074661414
s32h11,87282.45222052802
s32h12,86915.84227006903
s32h13,103798.64929909348
s32h14,119271.57170604372
s32h15,89275.62594565334
s32h16,84481.48427029223
s32h17,81173.79794434138
s32h18,78485.8697424254
s32h19,77364.68476785187
s32h20,91790.72711914506
s32h21,105355.0813219966
s33h1,456166.3278493579
s33h2,451238.61677670677
s33h3,455523.3300199459
s33h4,455917.9232036112
s33h5,481448.7132146453
s33h6,504610.4341914059
s33h7,544339.4239719951
s33h8,495226.12120766053
s33h9,485689.3145268021
s33h10,485479.2735454097
s33h11,480430.9378531602
s33h12,501830.20182865614
s33h13,520225.8007310533
s33h14,555699.6612639499
s33h15,501040.46202397655
s33h16,488584.2554425236
s33h17,487031.79144289513
s33h18,482073.103031092
s33h19,505135.0398500869
s33h20,526667.6824575743
s33h21,567155.7968258539
s34h1,576416.8538658617
s34h2,554049.6953962903
s34h3,553632.3898652594
s34h4,546528.3966615143
s34h5,571322.168953971
s34h6,616249.994024562
s34h7,648886.8404438337
s34h8,574941.693109631
s34h9,559389.5206256801
s34h10,567166.2161294498
s34h11,568559.9152522166
s34h12,604156.058890935
s34h13,662342.7654818359
s34h14,706404.3494730463
s34h15,626247.8675190071
s34h16,609130.016856158
s34h17,615623.2670291992
s34h18,612268.7021480661
s34h19,644679.6238795766
s34h20,699133.9008050754
s34h21,735997.9042478087
s35h1,27257.952078781713
s35h2,25157.097614198345
s35h3,24510.069460706625
s35h4,24654.507441289068
s35h5,26046.798117622657
s35h6,28731.108553571812
s35h7,31792.92786762999
s35h8,24144.24492559501
s35h9,21972.118227917723
s35h10,21301.57740943197
s35h11,21476.344343070028
s35h12,22976.06324856396
s35h13,25860.307492524713
s35h14,29217.757627522944
s35h15,21883.601013462543
s35h16,20214.885025245545
s35h17,20197.208012028434
s35h18,21148.746971167853
s35h19,23513.067557046965
s35h20,27297.73454958095
s35h21,31542.512131783304
s36h1,35747.1875629167
s36h2,35495.79263774812
s36h3,31934.228824547594
s36h4,31438.69260273946
s36h5,33231.05020384891
s36h6,36213.257980068265
s36h7,40156.03413621888
s36h8,32295.598116454414
s36h9,32791.12735307674
s36h10,29960.560688180285
s36h11,30182.703205442223
s36h12,32614.684830220827
s36h13,36118.14426286989
s36h14,40451.109773392374
s36h15,32876.39681411951
s36h16,33543.243246128484
s36h17,30812.284013811226
s36h18,31073.437230272284
s36h19,33516.68135808159
s36h20,37037.03873818762
s36h21,41416.11468873598
s37h1,121844.48434348343
s37h2,117236.24604444366
s37h3,115628.02564386086
s37h4,115968.14855695843
s37h5,115412.16748641859
s37h6,106830.57821633364
s37h7,111675.37923088609
s37h8,120901.61454035857
s37h9,115293.28386647457
s37h10,112886.53788286356
s37h11,112581.31336687092
s37h12,111609.51283433095
s37h13,103155.9033739951
s37h14,107687.35942982881
s37h15,116515.00279183652
s37h16,111301.17740472379
s37h17,109206.04078387485
s37h18,109167.71987138229
s37h19,108515.24522234616
s37h20,100628.27736066266
s37h21,105299.30654000105
s38h1,139009.563472886
s38h2,138604.81864911402
s38h3,136096.6728244024
s38h4,137263.98465922108
s38h5,136524.49132443836
s38h6,127397.4698989698
s38h7,133653.7698418355
s38h8,146051.7316477768
s38h9,145632.57711450895
s38h10,142820.98678231757
s38h11,143844.9971086202
s38h12,142725.73273679364
s38h13,132633.74462733208
s38h14,138919.20329087894
s38h15,151721.25208120563
s38h16,151041.48862991715
s38h17,148011.92309108804
s38h18,149236.2503171914
s38h19,148402.44347710867
s38h20,138186.66550844436
s38h21,145522.90572210896
s39h1,319338.3569558877
s39h2,315942.1254064628
s39h3,318356.7597241473
s39h4,314944.57203667826
s39h5,334928.1709720941
s39h6,387674.7436942389
s39h7,427054.2445190874
s39h8,343755.3041891466
s39h9,337808.9752063961
s39h10,337489.7677066744
s39h11,330216.9809763458
s39h12,347101.3848536942
s39h13,396708.2505784667
s39h14,430590.3287293477
s39h15,341553.2836319509
s39h16,331401.6210724165
s39h17,327532.84141700005
s39h18,317957.91551128536
s39h19,332284.8193578725
s39h20,378314.26875132916
s39h21,410926.9266755123
s40h1,452977.3623952414
s40h2,435984.2451708834
s40h3,435056.29539094114
s40h4,440691.3039383595
s40h5,472636.16414834786
s40h6,558221.199914556
s40h7,595901.4605285487
s40h8,474581.550126828
s40h9,457069.4755431197
s40h10,457626.96758706047
s40h11,466070.69678501325
s40h12,504449.4393712427
s40h13,605250.6150203515
s40h14,654395.3372831872
s40h15,518566.9588601802
s40h16,501771.99579063203
s40h17,505157.34457878425
s40h18,516959.8442704453
s40h19,563463.1264533194
s40h20,684888.2693373782
s40h21,742545.2557003588
s41h1,12871.649682841009
s41h2,13360.592883737376
s41h3,13614.062221481596
s41h4,13390.895326604574
s41h5,12758.389315521703
s41h6,9996.806326064052
s41h7,10341.463757503536
s41h8,13443.077694878077
s41h9,14081.533494561749
s41h10,14456.550227261936
s41h11,14295.568415538408
s41h12,13665.333683913375
s41h13,10676.60841470293
s41h14,11087.716484417038
s41h15,14567.414277604232
s41h16,15326.3491782879
s41h17,15789.749141138014
s41h18,15639.280593812573
s41h19,14940.399156699925
s41h20,11570.225064979128
s41h21,12000.52610195962
s42h1,22646.502961288825
s42h2,23237.045122622523
s42h3,23810.138299047794
s42h4,23643.712196223903
s42h5,22235.12644573549
s42h6,17809.32098312685
s42h7,18419.472904796356
s42h8,23299.66580073005
s42h9,24154.465442906716
s42h10,25033.90783701794
s42h11,25150.219398673515
s42h12,23906.104601150182
s42h13,19261.342394008047
s42h14,20164.652110433442
s42h15,26004.110729345644
s42h16,27286.748153770044
s42h17,28587.96735626982
s42h18,28934.319802206104
s42h19,27558.31855320795
s42h20,22005.118159630198
s42h21,23043.95196135327
s43h1,2419.3169893872573
s43h2,2533.4502873812207
s43h3,2572.4617194554467
s43h4,2761.1532097535924
s43h5,2641.7286852435946
s43h6,2513.1806484380927
s43h7,2443.7752125073853
s43h8,2500.1443548218895
s43h9,2567.231190563873
s43h10,2542.887969415126
s43h11,2656.200449498311
s43h12,2472.6108440371395
s43h13,2295.578691140965
s43h14,2192.0220501856056
s43h15,2222.4358857950683
s43h16,2283.845499536413
s43h17,2285.3123399422157
s43h18,2435.235074470678
s43h19,2326.8222854189185
s43h20,2229.3749582703504
s43h21,2202.7231949194593
s44h1,3831.631833499733
s44h2,3878.8583920931533
s44h3,3843.0842502306273
s44h4,4074.7287621290866
s44h5,3991.919547966148
s44h6,3573.418093048539
s44h7,3735.4917774110872
s44h8,3762.852687125519
s44h9,3794.057139445482
s44h10,3725.4567002019444
s44h11,3903.014809256391
s44h12,3769.6495249581753
s44h13,3323.5342288709444
s44h14,3438.124704261214
s44h15,3441.2940340136124
s44h16,3468.7066398547404
s44h17,3426.352155753539
s44h18,3639.0635797001387
s44h19,3579.7069905032567
s44h20,3227.610774177597
s44h21,3427.501593707625
s45h1,11341.158745338755
s45h2,11731.16312857297
s45h3,11878.86617721779
s45h4,11702.65322514834
s45h5,11048.930688405742
s45h6,8287.139123133546
s45h7,8705.860334584804
s45h8,11638.527443425479
s45h9,12144.446612479767
s45h10,12384.078554573185
s45h11,12265.296237284434
s45h12,11622.781253647983
s45h13,8719.002980338944
s45h14,9194.58846389837
s45h15,12382.621394068954
s45h16,12979.230680432618
s45h17,13294.126734623589
s45h18,13217.859514359621
s45h19,12556.56119301088
s45h20,9391.842883802148
s45h21,9915.023437276099
s46h1,22575.664361449275
s46h2,23089.05718795999
s46h3,23757.17874222626
s46h4,23556.295832507018
s46h5,21933.179200122813
s46h6,17176.8073862636
s46h7,17777.305283575548
s46h8,22866.536477674636
s46h9,23593.353418013685
s46h10,24521.605039358445
s46h11,24579.52719707457
s46h12,23136.179469437313
s46h13,18273.876367902478
s46h14,19151.350082314853
s46h15,25066.914645557892
s46h16,26202.040875611023
s46h17,27567.075711187037
s46h18,27891.967700438046
s46h19,26377.314785527033
s46h20,20745.21627076217
s46h21,21759.70712697272
s47h1,1235.0505658979137
s47h2,1301.411666647044
s47h3,1312.651826059104
s47h4,1327.562483009499
s47h5,1267.0365045449435
s47h6,1276.0453839615127
s47h7,1293.0858358648743
s47h8,1270.4149322623268
s47h9,1346.0390351022834
s47h10,1364.3536358660754
s47h11,1386.6976465074567
s47h12,1329.909907915653
s47h13,1347.6394497446863
s47h14,1375.8065843786533
s47h15,1363.0317843764471
s47h16,1459.7142347038625
s47h17,1496.0018361551372
s47h18,1537.965447908467
s47h19,1489.2418640424385
s47h20,1523.0603230060146
s47h21,1565.5685066896401
s48h1,1419.6525723883237
s48h2,1480.9224416242582
s48h3,1437.5462709151457
s48h4,1447.8818417049586
s48h5,1398.8287516972662
s48h6,1365.304270901221
s48h7,1380.2842645279302
s48h8,1357.0478948628897
s48h9,1420.6097963155296
s48h10,1387.3611874420637
s48h11,1409.796776115084
s48h12,1377.8448372202765
s48h13,1363.854568045752
s48h14,1401.1921728154725
s48h15,1401.9610673880948
s48h16,1494.2853732335896
s48h17,1485.5575467427218
s48h18,1534.4893271867834
s48h19,1521.157239388486
s48h20,1522.217030857555
s48h21,1574.3672153651394
s49h1,370090.062392625
s49h2,361603.9627882455
s49h3,359734.8755966166
s49h4,357956.2785231374
s49h5,353722.6853781922
s49h6,373099.4807394334
s49h7,413247.7457919374
s49h8,390628.5017027234
s49h9,384171.5690479761
s49h10,383601.7462097881
s49h11,382346.52846613835
s49h12,378036.2266721221
s49h13,398205.0291400308
s49h14,440207.54385134915
s49h15,417352.87779979047
s49h16,412092.27358909504
s49h17,413861.47537207755
s49h18,415762.99027247546
s49h19,415086.25756510353
s49h20,440858.611947098
s49h21,490212.6609020417
s50h1,513550.1636435372
s50h2,504751.3472035219
s50h3,499196.86491374084
s50h4,502173.5471011147
s50h5,484846.8074637547
s50h6,500226.7912034381
s50h7,558325.0530192147
s50h8,538248.348257672
s50h9,530979.2472423998
s50h10,525980.2849968168
s50h11,528806.5463730413
s50h12,510690.7828529562
s50h13,525438.546876301
s50h14,583445.9309681668
s50h15,563234.8448476472
s50h16,556669.651938198
s50h17,553214.9260404663
s50h18,558413.4332608454
s50h19,543031.2499024778
s50h20,561068.8171856425
s50h21,622680.7914197979
s51h1,8349.999441933212
s51h2,8241.10427251512
s51h3,8166.411197245437
s51h4,8151.236035143631
s51h5,8118.117674208837
s51h6,8180.700373404681
s51h7,8431.991176131292
s51h8,8130.356349887954
s51h9,8052.292602631196
s51h10,8007.2221914150905
s51h11,8018.766155515309
s51h12,8010.043057894636
s51h13,8095.3277200495195
s51h14,8370.242908689226
s51h15,8098.926764600712
s51h16,8058.621234077113
s51h17,8062.996026307684
s51h18,8138.699180251663
s51h19,8209.978425590212
s51h20,8392.485992580085
s51h21,8783.652161462833
s52h1,10132.782929758012
s52h2,10136.225399550833
s52h3,10033.369214185572
s52h4,10001.39901101405
s52h5,9880.133806934526
s52h6,9978.550209028943
s52h7,10271.459823781624
s52h8,9925.583490849749
s52h9,9971.531388830277
s52h10,9914.090066163466
s52h11,9928.349436494842
s52h12,9854.893885400763
s52h13,10004.034592087663
s52h14,10354.228161170837
s52h15,10072.244468894669
s52h16,10194.772452365596
s52h17,10226.454893830927
s52h18,10344.674383656833
s52h19,10386.945853711668
s52h20,10666.810159740791
s52h21,11160.293120612214
s53h1,191541.03745691848
s53h2,191256.45528646404
s53h3,185806.1514375479
s53h4,185532.9491000492
s53h5,176776.97461731272
s53h6,158951.1522595146
s53h7,188756.08215423443
s53h8,195605.99058821905
s53h9,194752.11228996434
s53h10,188287.90339039842
s53h11,186651.3406648312
s53h12,176331.40727297674
s53h13,156945.43423367222
s53h14,185388.01355934746
s53h15,191319.39286353465
s53h16,190181.9167435991
s53h17,184206.47144947416
s53h18,183886.13191547027
s53h19,175689.03225602728
s53h20,159102.57485630314
s53h21,190853.89360115814
s54h1,124254.25431697407
s54h2,117725.31754370191
s54h3,114262.71181417239
s54h4,114889.84864512437
s54h5,112321.80512632274
s54h6,103573.64544527444
s54h7,123059.88746227791
s54h8,129624.05517503967
s54h9,125107.21925349013
s54h10,122867.22648504174
s54h11,123927.52576824275
s54h12,120847.68956419741
s54h13,110722.91785703451
s54h14,128887.60776156669
s54h15,133499.5599930806
s54h16,126934.34766864934
s54h17,123010.02148511092
s54h18,122950.58480305516
s54h19,119490.53657245467
s54h20,109808.37653307815
s54h21,129153.13564765769
s55h1,182986.9100323388
s55h2,177116.78448161084
s55h3,175471.97970646655
s55h4,176101.0133599511
s55h5,176187.412171777
s55h6,210160.1479877997
s55h7,228228.97282581383
s55h8,194089.7929253554
s55h9,189537.09299801962
s55h10,188789.37058629256
s55h11,189945.27707967442
s55h12,190224.27761894584
s55h13,225662.83937801956
s55h14,244575.53928631527
s55h15,209430.87310064025
s55h16,205387.974047341
s55h17,205695.98905162772
s55h18,208341.53063649256
s55h19,210278.40981930454
s55h20,249436.9272375451
s55h21,270970.2515932548
s56h1,240931.65833429582
s56h2,233458.2083960992
s56h3,231933.13014790678
s56h4,233522.44802475662
s56h5,232313.34295799903
s56h6,267871.0748085507
s56h7,281977.0530842526
s56h8,246115.4347205188
s56h9,240971.76817866217
s56h10,241934.50607328024
s56h11,246147.4376525599
s56h12,247378.8787083776
s56h13,287750.4593749236
s56h14,305443.2009298268
s56h15,268896.8915789427
s56h16,264996.3490849053
s56h17,267312.6314132414
s56h18,272716.5203809663
s56h19,274298.5920407191
s56h20,318221.39537396975
s56h21,336407.3851948474
s57h1,34353.41425172347
s57h2,35238.22275400068
s57h3,34678.59477964791
s57h4,33881.59028917441
s57h5,33481.53914708663
s57h6,30965.88248223859
s57h7,32504.282745902416
s57h8,34723.498169689774
s57h9,35833.454906164756
s57h10,35534.60275501953
s57h11,35005.63108003441
s57h12,34863.28523943788
s57h13,32443.579014184954
s57h14,34188.32206483133
s57h15,36550.804505721564
s57h16,37613.004594064965
s57h17,37060.70930329909
s57h18,36161.35146744427
s57h19,35586.25006120639
s57h20,32677.205328689466
s57h21,33973.160008445346
s58h1,61464.27959320925
s58h2,62078.540926551286
s58h3,61959.50547029655
s58h4,61653.38179348053
s58h5,60668.89010438584
s58h6,58471.09811522877
s58h7,60807.068560638276
s58h8,64263.579666822334
s58h9,64807.185235864046
s58h10,64497.732336295594
s58h11,63941.74201938968
s58h12,62635.12851979623
s58h13,60050.42139105901
s58h14,62232.23937310483
s58h15,65553.17152067838
s58h16,65849.32287935998
s58h17,65306.950902279605
s58h18,64567.645216
s58h19,63124.45147748334
s58h20,60444.04429121769
s58h21,62633.9814364341
s59h1,1042.3078007101649
s59h2,1060.595864036125
s59h3,1093.9664372455854
s59h4,1118.1209519036872
s59h5,1138.1344356903812
s59h6,1144.6666555282084
s59h7,1118.5541584645553
s59h8,1140.0733632686586
s59h9,1146.0654792472699
s59h10,1165.46522487806
s59h11,1173.2298196418344
s59h12,1176.3560277580636
s59h13,1166.781564012265
s59h14,1126.78791344675
s59h15,1138.1310008845342
s59h16,1137.354916192306
s59h17,1153.4097865723581
s59h18,1161.2459390699512
s59h19,1167.2794299487553
s59h20,1162.6917371307775
s59h21,1128.687974970922
s60h1,1385.2926459232976
s60h2,1383.7708703176947
s60h3,1394.1254792327823
s60h4,1432.7481744465858
s60h5,1472.9800588540418
s60h6,1477.783797299106
s60h7,1480.2938165512949
s60h8,1507.8048742807784
s60h9,1510.4178798839846
s60h10,1516.2441188306661
s60h11,1542.4773220199995
s60h12,1560.8191056870928
s60h13,1534.5407333299047
s60h14,1501.8927631028196
s60h15,1493.2688096175798
s60h16,1461.8742893492126
s60h17,1438.9052315030513
s60h18,1442.873231372101
s60h19,1448.6657203194873
s60h20,1423.3630127228453
s60h21,1402.9159307346122
s61h1,24122.455818468086
s61h2,24528.569778839297
s61h3,24064.849627940242
s61h4,23830.984835265233
s61h5,23170.20511340207
s61h6,20446.51745680987
s61h7,21045.858685186562
s61h8,24088.82383174983
s61h9,24400.023907951658
s61h10,23822.756525668134
s61h11,23453.68154135214
s61h12,22659.40869794015
s61h13,19893.660662788712
s61h14,20339.93939639433
s61h15,23090.35346179617
s61h16,23279.139319366663
s61h17,22686.66000056731
s61h18,22342.99019909205
s61h19,21657.082231181976
s61h20,19154.881354104902
s61h21,19708.338099335553
s62h1,5031.1169381625
s62h2,4973.124995888566
s62h3,4881.347730244186
s62h4,4710.178220711505
s62h5,4476.278892614696
s62h6,4110.427642597878
s62h7,4138.70828968465
s62h8,4819.780342996917
s62h9,4811.231124196043
s62h10,4785.3721774106125
s62h11,4688.8769547096435
s62h12,4527.066826941328
s62h13,4218.192259518529
s62h14,4298.990569778
s62h15,5050.326205951791
s62h16,5058.089116204541
s62h17,5019.8040384883125
s62h18,4880.529265542606
s62h19,4652.447582379081
s62h20,4263.5536646600285
s62h21,4263.590706194144
s63h1,5009.495337612134
s63h2,4956.3005006913345
s63h3,4912.778469415042
s63h4,4734.281309048531
s63h5,4639.6108147814075
s63h6,5060.941227025291
s63h7,5438.42639258498
s63h8,5021.381123879666
s63h9,5116.60225393894
s63h10,5215.87051538719
s63h11,5153.784132907235
s63h12,5151.55894282851
s63h13,5681.957005975785
s63h14,6129.5719118024035
s63h15,5657.5735355625275
s63h16,5709.124440186602
s63h17,5726.706465027161
s63h18,5541.363268422792
s63h19,5402.420028626628
s63h20,5797.245653694155
s63h21,6088.1599748978315
s64h1,21956.764699649473
s64h2,21709.407283705095
s64h3,21615.405326886837
s64h4,21608.408983412795
s64h5,21899.42270395908
s64h6,23102.703351195476
s64h7,24153.984490247047
s64h8,22583.213307080092
s64h9,22286.0908744893
s64h10,22184.816727744677
s64h11,22213.56900068588
s64h12,22576.789079898263
s64h13,23875.43544131841
s64h14,25029.578932478602
s64h15,23553.942275441506
s64h16,23318.7987476741
s64h17,23230.637446474495
s64h18,23211.098598211887
s64h19,23458.077229575927
s64h20,24573.29056477717
s64h21,25487.705667122766
s65h1,156276.99751653787
s65h2,151895.06202850307
s65h3,152857.13234471437
s65h4,149754.37749435936
s65h5,149312.48575133106
s65h6,168784.54452763163
s65h7,178582.8832559646
s65h8,156510.89308293848
s65h9,151099.98137364475
s65h10,150876.18549512437
s65h11,146555.21499793752
s65h12,144900.21264838078
s65h13,162902.28038542907
s65h14,171468.7344908843
s65h15,149036.7030965148
s65h16,143156.78189508207
s65h17,142525.75253381755
s65h18,138068.06520783665
s65h19,136312.03067832108
s65h20,153701.90804176478
s65h21,161939.15548714204
s66h1,197351.5295554987
s66h2,191063.9964006761
s66h3,188909.46104579626
s66h4,181427.90740933467
s66h5,179946.9835396778
s66h6,202277.70679081682
s66h7,216510.33096811053
s66h8,189516.72606082525
s66h9,182938.92612540862
s66h10,180178.25691386432
s66h11,172213.84548581325
s66h12,170015.41166377664
s66h13,190575.13349953786
s66h14,203550.15769913714
s66h15,177684.80633608694
s66h16,171570.071607149
s66h17,169432.26787748537
s66h18,162657.35243938075
s66h19,161620.28122163247
s66h20,182718.73421792293
s66h21,196787.6702819533
s67h1,6576.341253762734
s67h2,6401.062474407582
s67h3,6414.842344315369
s67h4,6319.1696646363625
s67h5,6289.79926432984
s67h6,6388.588455560521
s67h7,6267.458748461336
s67h8,6149.585722031075
s67h9,5991.1706388550865
s67h10,6023.7578578228495
s67h11,5946.383084510112
s67h12,5935.292919247533
s67h13,6053.479680666042
s67h14,5953.63648951106
s67h15,5862.136315188264
s67h16,5737.607070271766
s67h17,5814.236719093859
s67h18,5791.4744387413375
s67h19,5845.737311993175
s67h20,6038.151885199594
s67h21,6017.992587305998
s68h1,5713.175570908722
s68h2,5595.10151102778
s68h3,5574.108289962721
s68h4,5597.0110329898935
s68h5,5541.873117969464
s68h6,5595.7091714076305
s68h7,5464.755166474761
s68h8,5386.392573243647
s68h9,5323.259990036118
s68h10,5355.915665597974
s68h11,5426.798385803351
s68h12,5410.983026958933
s68h13,5495.439394137749
s68h14,5386.108548419871
s68h15,5323.0901864569
s68h16,5271.829327369992
s68h17,5316.459293709353
s68h18,5402.742856818395
s68h19,5408.585974807177
s68h20,5522.887525723668
s68h21,5452.357955540987
s69h1,87021.86220751132
s69h2,85049.36722828491
s69h3,84951.03912917346
s69h4,81781.01294132679
s69h5,80354.2908216551
s69h6,81258.388571824
s69h7,87554.5327906727
s69h8,87290.66208324474
s69h9,85490.37421410851
s69h10,85522.83773883716
s69h11,82392.50697666121
s69h12,80903.86293409181
s69h13,81625.91378169182
s69h14,87600.72510634594
s69h15,86862.76849052754
s69h16,84478.63595445846
s69h17,83833.38080152245
s69h18,80022.32895519528
s69h19,77845.88790446373
s69h20,77881.47693173442
s69h21,83104.02189931564
s70h1,120556.88692887954
s70h2,119004.95137993181
s70h3,118193.22363703695
s70h4,111230.16738060005
s70h5,106115.76986981295
s70h6,106685.41378500627
s70h7,112267.14144117464
s70h8,112686.49316967024
s70h9,110712.22357314397
s70h10,109482.67607005089
s70h11,102267.17849564222
s70h12,97079.17346337071
s70h13,97785.0877039359
s70h14,103784.18246140551
s70h15,105040.04126386899
s70h16,104275.10501814507
s70h17,104548.91799684535
s70h18,99075.01219213611
s70h19,95698.27693533657
s70h20,98166.45359037361
s70h21,105779.05042821032
s71h1,69796.43331930961
s71h2,65681.26793413295
s71h3,65380.292798045964
s71h4,63054.42142200124
s71h5,67024.59813213961
s71h6,86195.24572363039
s71h7,88898.95701512246
s71h8,67533.76350616758
s71h9,63147.74146563507
s71h10,62309.48962636781
s71h11,59466.46383335259
s71h12,62566.70648723262
s71h13,79833.42278303213
s71h14,81738.37907146222
s71h15,61649.32963000215
s71h16,57506.51018561371
s71h17,56812.74050936662
s71h18,54422.64906354765
s71h19,57635.8678442973
s71h20,74195.40445535177
s71h21,76505.81124638642
s72h1,95294.84807110176
s72h2,90745.7489283917
s72h3,90393.1763469313
s72h4,88375.23970125135
s72h5,91766.34508330448
s72h6,113630.50897968542
s72h7,120197.35530759735
s72h8,91777.10239051549
s72h9,86449.98340615774
s72h10,85014.33099650072
s72h11,81906.13178339336
s72h12,83933.46762235396
s72h13,103294.23178814263
s72h14,108470.1177396358
s72h15,81635.95472560375
s72h16,76680.56349291194
s72h17,75722.65825914557
s72h18,73605.84055778866
s72h19,76614.71273550944
s72h20,96466.71430201082
s72h21,103347.58362726987